Date,Cases,Deaths,Hospitalisations,Cases_diff,Deaths_diff
2020-03-05,0.0,,,,
2020-03-06,,,,,
2020-03-07,1.0,,,,
2020-03-08,1.0,,,0.0,
2020-03-09,1.0,,,0.0,
2020-03-10,,,,,
2020-03-11,5.0,,,,
2020-03-12,6.0,,,1.0,
2020-03-13,10.0,,,4.0,
2020-03-14,17.0,,,7.0,
2020-03-15,24.0,,,7.0,
2020-03-16,31.0,,,7.0,
2020-03-17,45.0,,,14.0,
2020-03-18,61.0,,,16.0,
2020-03-19,76.0,,,15.0,
2020-03-20,109.0,,,33.0,
2020-03-21,125.0,,,16.0,
2020-03-22,132.0,,,7.0,
2020-03-23,207.0,,,75.0,
2020-03-24,302.0,,,95.0,
2020-03-25,319.0,,,17.0,
2020-03-26,409.0,,,90.0,
2020-03-27,,0.0,,,
2020-03-28,533.0,0.0,,,0.0
2020-03-29,584.0,,,51.0,
2020-03-30,618.0,0.0,,34.0,
2020-03-31,633.0,1.0,,15.0,1.0
2020-04-01,645.0,,,12.0,
2020-04-02,663.0,,,18.0,
2020-04-03,672.0,1.0,,9.0,
2020-04-04,693.0,,,21.0,
2020-04-05,704.0,1.0,,11.0,
2020-04-06,713.0,1.0,,9.0,0.0
2020-04-07,,1.0,,,0.0
2020-04-08,782.0,3.0,,,2.0
2020-04-09,795.0,3.0,,13.0,0.0
2020-04-10,801.0,3.0,,6.0,0.0
2020-04-11,813.0,3.0,,12.0,0.0
2020-04-12,865.0,3.0,,52.0,0.0
2020-04-13,890.0,4.0,,25.0,1.0
2020-04-14,909.0,4.0,,19.0,0.0
2020-04-15,930.0,5.0,,21.0,1.0
2020-04-16,969.0,6.0,,39.0,1.0
2020-04-17,1018.0,6.0,,49.0,0.0
2020-04-18,1101.0,6.0,,83.0,0.0
2020-04-19,1148.0,6.0,,47.0,0.0
2020-04-20,1170.0,7.0,,22.0,1.0
2020-04-21,1199.0,7.0,,29.0,0.0
2020-04-22,1224.0,7.0,,25.0,0.0
2020-04-23,1252.0,8.0,,28.0,1.0
2020-04-24,1281.0,8.0,,29.0,0.0
2020-04-25,1304.0,8.0,,23.0,0.0
2020-04-26,1331.0,8.0,,27.0,0.0
2020-04-27,1353.0,8.0,,22.0,0.0
2020-04-28,1377.0,8.0,,24.0,0.0
2020-04-29,1408.0,11.0,,31.0,3.0
2020-04-30,1446.0,11.0,,38.0,0.0
2020-05-01,1507.0,11.0,,61.0,0.0
2020-05-02,1598.0,12.0,,91.0,1.0
2020-05-03,1624.0,14.0,,26.0,2.0
2020-05-04,1651.0,14.0,,27.0,0.0
2020-05-05,1697.0,15.0,,46.0,1.0
2020-05-06,1720.0,15.0,,23.0,0.0
2020-05-07,1804.0,15.0,,84.0,0.0
2020-05-08,1851.0,18.0,,47.0,3.0
2020-05-09,1910.0,19.0,,59.0,1.0
2020-05-10,1952.0,22.0,,42.0,3.0
2020-05-11,1971.0,22.0,,19.0,0.0
2020-05-12,2014.0,22.0,,43.0,0.0
2020-05-13,2074.0,24.0,,60.0,2.0
2020-05-14,2135.0,24.0,,61.0,0.0
2020-05-15,2210.0,24.0,,75.0,0.0
2020-05-16,2262.0,25.0,,52.0,1.0
2020-05-17,2329.0,25.0,,67.0,0.0
2020-05-18,2343.0,26.0,,14.0,1.0
2020-05-19,2361.0,27.0,,18.0,1.0
2020-05-20,2400.0,27.0,,39.0,0.0
2020-05-21,2453.0,27.0,,53.0,0.0
2020-05-22,2521.0,29.0,,68.0,2.0
2020-05-23,2633.0,29.0,,112.0,0.0
2020-05-24,2773.0,29.0,,140.0,0.0
2020-05-25,2993.0,30.0,,220.0,1.0
2020-05-26,3043.0,31.0,,50.0,1.0
2020-05-27,3167.0,31.0,,124.0,0.0
2020-05-28,3329.0,31.0,,162.0,0.0
2020-05-29,3583.0,31.0,,254.0,0.0
2020-05-30,3773.0,31.0,,190.0,0.0
2020-05-31,4003.0,33.0,,230.0,2.0
2020-06-01,4231.0,33.0,,228.0,0.0
2020-06-02,4276.0,33.0,,45.0,0.0
2020-06-03,4567.0,33.0,,291.0,0.0
2020-06-04,4845.0,33.0,,278.0,0.0
2020-06-05,5215.0,40.0,,370.0,7.0
2020-06-06,5626.0,47.0,,411.0,7.0
2020-06-07,5946.0,47.0,,320.0,0.0
2020-06-08,6258.0,47.0,,312.0,0.0
2020-06-09,6546.0,57.0,,288.0,10.0
2020-06-10,7195.0,57.0,,649.0,0.0
2020-06-11,7953.0,57.0,,758.0,0.0
2020-06-12,8781.0,57.0,,828.0,0.0
2020-06-13,9897.0,81.0,,1116.0,24.0
2020-06-14,11164.0,81.0,,1267.0,0.0
2020-06-15,12193.0,87.0,,1029.0,6.0
2020-06-16,13023.0,87.0,,830.0,0.0
2020-06-17,14620.0,87.0,,1597.0,0.0
2020-06-18,15898.0,87.0,,1278.0,0.0
2020-06-19,17261.0,114.0,,1363.0,27.0
2020-06-20,18978.0,114.0,,1717.0,0.0
2020-06-21,20822.0,122.0,,1844.0,8.0
2020-06-22,22341.0,122.0,,1519.0,0.0
2020-06-23,24041.0,122.0,,1700.0,0.0
2020-06-24,26156.0,147.0,,2115.0,25.0
2020-06-25,28746.0,149.0,,2590.0,2.0
2020-06-26,31344.0,149.0,,2598.0,0.0
2020-06-27,34285.0,166.0,,2941.0,17.0
2020-06-28,36895.0,174.0,,2610.0,8.0
2020-06-29,39841.0,180.0,,2946.0,6.0
2020-06-30,42881.0,216.0,,3040.0,36.0
2020-07-01,45944.0,244.0,,3063.0,28.0
2020-07-02,49937.0,282.0,,3993.0,38.0
2020-07-03,54331.0,282.0,,4394.0,0.0
2020-07-04,59373.0,282.0,,5042.0,0.0
2020-07-05,63404.0,353.0,,4031.0,71.0
2020-07-06,66891.0,403.0,,3487.0,50.0
2020-07-07,71488.0,478.0,,4597.0,75.0
2020-07-08,75015.0,478.0,,3527.0,0.0
2020-07-09,81546.0,515.0,,6531.0,37.0
2020-07-10,87033.0,554.0,,5487.0,39.0
2020-07-11,93044.0,580.0,,6011.0,26.0
2020-07-12,98431.0,644.0,,5387.0,64.0
2020-07-13,103713.0,644.0,,5282.0,0.0
2020-07-14,107070.0,726.0,,3357.0,82.0
2020-07-15,112714.0,767.0,,5644.0,41.0
2020-07-16,117895.0,853.0,,5181.0,86.0
2020-07-17,123408.0,917.0,,5513.0,64.0
2020-07-18,128604.0,956.0,,5196.0,39.0
2020-07-19,133617.0,986.0,,5013.0,30.0
2020-07-20,136879.0,999.0,,3262.0,13.0
2020-07-21,139435.0,1042.0,,2556.0,43.0
2020-07-22,144582.0,1156.0,,5147.0,114.0
2020-07-23,148854.0,1187.0,,4272.0,31.0
2020-07-24,153020.0,1326.0,,4166.0,139.0
2020-07-25,156821.0,1535.0,,3801.0,209.0
2020-07-26,160154.0,1564.0,,3333.0,29.0
2020-07-27,162319.0,1625.0,,2165.0,61.0
2020-07-28,164584.0,1680.0,,2265.0,55.0
2020-07-29,168369.0,1836.0,,3785.0,156.0
2020-07-30,171574.0,1932.0,,3205.0,96.0
2020-07-31,175272.0,2035.0,,3698.0,103.0
2020-08-01,178119.0,2075.0,,2847.0,40.0
2020-08-02,180532.0,2115.0,,2413.0,40.0
2020-08-03,181946.0,2152.0,,1414.0,37.0
2020-08-04,183090.0,2268.0,,1144.0,116.0
2020-08-05,185282.0,2313.0,,2192.0,45.0
2020-08-06,187631.0,2388.0,,2349.0,75.0
2020-08-07,189159.0,2524.0,,1528.0,136.0
2020-08-08,190999.0,2547.0,,1840.0,23.0
2020-08-09,192767.0,2579.0,,1768.0,32.0
2020-08-10,193561.0,2618.0,,794.0,39.0
2020-08-11,194093.0,2653.0,,532.0,35.0
2020-08-12,194685.0,2761.0,,592.0,108.0
2020-08-13,195820.0,2791.0,,1135.0,30.0
2020-08-14,197531.0,2867.0,,1711.0,76.0
2020-08-15,198671.0,2888.0,,1140.0,21.0
2020-08-16,199635.0,2915.0,,964.0,27.0
2020-08-17,200237.0,2929.0,,602.0,14.0
2020-08-18,200949.0,3018.0,,712.0,89.0
2020-08-19,202011.0,3061.0,,1062.0,43.0
2020-08-20,202955.0,3144.0,,944.0,83.0
2020-08-21,203832.0,3190.0,,877.0,46.0
2020-08-22,205246.0,3227.0,,1414.0,37.0
2020-08-23,206018.0,3268.0,,772.0,41.0
2020-08-24,206525.0,3280.0,,507.0,12.0
2020-08-25,206892.0,3334.0,,367.0,54.0
2020-08-26,207610.0,3395.0,,718.0,61.0
2020-08-27,208156.0,3428.0,,546.0,33.0
2020-08-28,208579.0,3475.0,,423.0,47.0
2020-08-29,209123.0,3556.0,,544.0,81.0
2020-08-30,209648.0,3572.0,,525.0,16.0
2020-08-31,210169.0,3592.0,,521.0,20.0
2020-09-01,210518.0,3631.0,,349.0,39.0
2020-09-02,211157.0,3680.0,,639.0,49.0
2020-09-03,211678.0,3730.0,,521.0,50.0
2020-09-04,212186.0,3773.0,,508.0,43.0
2020-09-05,212564.0,3789.0,,378.0,16.0
2020-09-06,212898.0,3813.0,,334.0,24.0
2020-09-07,213087.0,3818.0,,189.0,5.0
2020-09-08,213333.0,3833.0,,246.0,15.0
2020-09-09,213741.0,3860.0,,408.0,27.0
2020-09-10,214152.0,3881.0,,411.0,21.0
2020-09-11,214486.0,3900.0,,334.0,19.0
2020-09-12,214831.0,3912.0,,345.0,12.0
2020-09-13,215140.0,3918.0,,309.0,6.0
2020-09-14,215307.0,3921.0,,167.0,3.0
2020-09-15,215481.0,3933.0,,174.0,12.0
2020-09-16,215898.0,3947.0,,417.0,14.0
2020-09-17,216341.0,3960.0,,443.0,13.0
2020-09-18,216790.0,4027.0,,449.0,67.0
2020-09-19,217116.0,4022.0,,326.0,-5.0
2020-09-20,217370.0,4030.0,,254.0,8.0
2020-09-21,217485.0,4039.0,,115.0,9.0
2020-09-22,217759.0,4084.0,,274.0,45.0
2020-09-23,218115.0,4095.0,,356.0,11.0
2020-09-24,218420.0,4153.0,,305.0,58.0
2020-09-25,218650.0,4158.0,,230.0,5.0
2020-09-26,218861.0,4201.0,,211.0,43.0
2020-09-27,219039.0,4203.0,,178.0,2.0
2020-09-28,219202.0,4205.0,,163.0,2.0
2020-09-29,219373.0,4233.0,,171.0,28.0
2020-09-30,219704.0,4244.0,,331.0,11.0
2020-10-01,220056.0,4252.0,,352.0,8.0
2020-10-02,220365.0,4260.0,,309.0,8.0
2020-10-03,220696.0,4262.0,,331.0,2.0
2020-10-04,220910.0,4299.0,,214.0,37.0
2020-10-05,221061.0,4304.0,,151.0,5.0
2020-10-06,221320.0,4332.0,,259.0,28.0
2020-10-07,221719.0,4373.0,,399.0,41.0
2020-10-08,222038.0,4386.0,,319.0,13.0
2020-10-09,222374.0,4414.0,,336.0,28.0
2020-10-10,222745.0,4444.0,,371.0,30.0
2020-10-11,223011.0,4450.0,,266.0,6.0
2020-10-12,223169.0,4461.0,,158.0,11.0
2020-10-13,223436.0,4492.0,,267.0,31.0
2020-10-14,223863.0,4527.0,,427.0,35.0
2020-10-15,224158.0,4597.0,,295.0,70.0
2020-10-16,224534.0,4601.0,,376.0,4.0
2020-10-17,224863.0,4618.0,,329.0,17.0
2020-10-18,225181.0,4618.0,,318.0,0.0
2020-10-19,225559.0,4621.0,,378.0,3.0
2020-10-20,225734.0,4673.0,,175.0,52.0
2020-10-21,226073.0,4679.0,,339.0,6.0
2020-10-22,226363.0,4693.0,,290.0,14.0
2020-10-23,226695.0,4696.0,,332.0,3.0
2020-10-24,226963.0,4701.0,,268.0,5.0
2020-10-25,227193.0,4703.0,,230.0,2.0
2020-10-26,227350.0,4707.0,,157.0,4.0
2020-10-27,227559.0,4711.0,22.0,209.0,4.0
2020-10-28,227833.0,4713.0,12.0,274.0,2.0
2020-10-29,228128.0,4717.0,20.0,295.0,4.0
2020-10-30,228432.0,4719.0,,304.0,2.0
2020-10-31,228756.0,4721.0,2.0,324.0,2.0
2020-11-01,228948.0,4828.0,1.0,192.0,107.0
2020-11-02,229040.0,4828.0,9.0,92.0,0.0
2020-11-03,229220.0,4836.0,16.0,180.0,8.0
2020-11-04,229490.0,4845.0,11.0,270.0,9.0
2020-11-05,229702.0,4852.0,20.0,212.0,7.0
2020-11-06,229954.0,4859.0,12.0,252.0,7.0
2020-11-07,230165.0,4861.0,1.0,211.0,2.0
2020-11-08,230299.0,4862.0,3.0,134.0,1.0
2020-11-09,230412.0,4863.0,12.0,113.0,1.0
2020-11-10,230559.0,4870.0,15.0,147.0,7.0
2020-11-11,230834.0,4872.0,12.0,275.0,2.0
2020-11-12,231074.0,4873.0,12.0,240.0,1.0
2020-11-13,231277.0,4877.0,7.0,203.0,4.0
2020-11-14,231479.0,4877.0,2.0,202.0,0.0
2020-11-15,231643.0,4882.0,1.0,164.0,5.0
2020-11-16,231733.0,4889.0,14.0,90.0,7.0
2020-11-17,231860.0,4931.0,25.0,127.0,42.0
2020-11-18,232147.0,4935.0,16.0,287.0,4.0
2020-11-19,232388.0,4958.0,19.0,241.0,23.0
2020-11-20,232653.0,4960.0,15.0,265.0,2.0
2020-11-21,232856.0,4960.0,5.0,203.0,0.0
2020-11-22,233036.0,4968.0,1.0,180.0,8.0
2020-11-23,233164.0,4970.0,13.0,128.0,2.0
2020-11-24,233343.0,4989.0,24.0,179.0,19.0
2020-11-25,233710.0,4996.0,18.0,367.0,7.0
2020-11-26,233995.0,5001.0,16.0,285.0,5.0
2020-11-27,234305.0,5004.0,13.0,310.0,3.0
2020-11-28,234572.0,5005.0,2.0,267.0,1.0
2020-11-29,234831.0,5006.0,1.0,259.0,1.0
2020-11-30,234957.0,5009.0,20.0,126.0,3.0
2020-12-01,235193.0,5014.0,36.0,236.0,5.0
2020-12-02,235664.0,5018.0,33.0,471.0,4.0
2020-12-03,236086.0,5026.0,26.0,422.0,8.0
2020-12-04,236653.0,5032.0,40.0,567.0,6.0
2020-12-05,237207.0,5039.0,8.0,554.0,7.0
2020-12-06,237719.0,5040.0,1.0,512.0,1.0
2020-12-07,238256.0,5042.0,26.0,537.0,2.0
2020-12-08,239099.0,5053.0,55.0,843.0,11.0
2020-12-09,240261.0,5069.0,57.0,1162.0,16.0
2020-12-10,241495.0,5077.0,51.0,1234.0,8.0
2020-12-11,242902.0,5097.0,77.0,1407.0,20.0
2020-12-12,244242.0,5108.0,18.0,1340.0,11.0
2020-12-13,245360.0,5111.0,26.0,1118.0,3.0
2020-12-14,246116.0,5115.0,58.0,756.0,4.0
2020-12-15,247394.0,5125.0,88.0,1278.0,10.0
2020-12-16,249181.0,5135.0,10.0,1787.0,10.0
2020-12-17,250910.0,5146.0,82.0,1729.0,11.0
2020-12-18,252390.0,5161.0,103.0,1480.0,15.0
2020-12-19,254649.0,5179.0,27.0,2259.0,18.0
2020-12-20,256595.0,5180.0,12.0,1946.0,1.0
2020-12-21,258202.0,5196.0,107.0,1607.0,16.0
2020-12-22,259962.0,5226.0,110.0,1760.0,30.0
2020-12-23,263166.0,5260.0,110.0,3204.0,34.0
2020-12-24,266296.0,5282.0,80.0,3130.0,22.0
2020-12-25,269889.0,5305.0,,3593.0,23.0
2020-12-26,272504.0,5317.0,18.0,2615.0,12.0
2020-12-27,274272.0,5334.0,20.0,1768.0,17.0
2020-12-28,276133.0,5356.0,61.0,1861.0,22.0
2020-12-29,278516.0,5424.0,91.0,2383.0,68.0
2020-12-30,282642.0,5465.0,115.0,4126.0,41.0
2020-12-31,287018.0,5549.0,211.0,4376.0,84.0
2021-01-01,291392.0,5615.0,132.0,4374.0,66.0
2021-01-02,295450.0,5654.0,101.0,4058.0,39.0
2021-01-03,298068.0,5727.0,52.0,2618.0,73.0
2021-01-04,301212.0,5763.0,159.0,3144.0,36.0
2021-01-05,304420.0,5827.0,106.0,3208.0,64.0
2021-01-06,310201.0,5923.0,114.0,5781.0,96.0
2021-01-07,315738.0,5998.0,69.0,5537.0,75.0
2021-01-08,322707.0,6073.0,108.0,6969.0,75.0
2021-01-09,328925.0,6142.0,82.0,6218.0,69.0
2021-01-10,333842.0,6170.0,41.0,4917.0,28.0
2021-01-11,338071.0,6170.0,195.0,4229.0,0.0
2021-01-12,341460.0,6395.0,221.0,3389.0,225.0
2021-01-13,346482.0,6606.0,228.0,5022.0,211.0
2021-01-14,350976.0,6720.0,246.0,4494.0,114.0
2021-01-15,354892.0,6819.0,226.0,3916.0,99.0
2021-01-16,358462.0,6887.0,91.0,3570.0,68.0
2021-01-17,361881.0,6946.0,133.0,3419.0,59.0
2021-01-18,364269.0,7009.0,128.0,2388.0,63.0
2021-01-19,366432.0,7057.0,211.0,2163.0,48.0
2021-01-20,370264.0,7137.0,177.0,3832.0,80.0
2021-01-21,373096.0,7230.0,201.0,2832.0,93.0
2021-01-22,375761.0,7396.0,152.0,2665.0,166.0
2021-01-23,378656.0,7597.0,119.0,2895.0,201.0
2021-01-24,380381.0,7642.0,85.0,1725.0,45.0
2021-01-25,381574.0,7675.0,84.0,1193.0,33.0
2021-01-26,382907.0,7816.0,139.0,1333.0,141.0
2021-01-27,384440.0,7891.0,120.0,1533.0,75.0
2021-01-28,385706.0,7961.0,,1266.0,70.0
2021-01-29,386770.0,8087.0,,1064.0,126.0
2021-01-30,387673.0,8140.0,88.0,903.0,53.0
2021-01-31,388620.0,8198.0,55.0,947.0,58.0
2021-02-01,389230.0,8249.0,,610.0,51.0
2021-02-02,389841.0,8340.0,98.0,611.0,91.0
2021-02-03,390890.0,8437.0,,1049.0,97.0
2021-02-04,391798.0,8490.0,,908.0,53.0
2021-02-05,392794.0,8542.0,,996.0,52.0
2021-02-06,393555.0,8592.0,,761.0,50.0
2021-02-07,394240.0,8615.0,,685.0,23.0
2021-02-08,394629.0,8660.0,,389.0,45.0
2021-02-09,395125.0,8741.0,,496.0,81.0
2021-02-10,395838.0,8867.0,,713.0,126.0
2021-02-11,396560.0,8949.0,,722.0,82.0
2021-02-12,397259.0,9115.0,,699.0,166.0
2021-02-13,398005.0,9144.0,,746.0,29.0
2021-02-14,398506.0,9181.0,,501.0,37.0
2021-02-15,398796.0,9239.0,,290.0,58.0
2021-02-16,399168.0,9295.0,,372.0,56.0
2021-02-17,399922.0,9371.0,,754.0,76.0
2021-02-18,400636.0,9392.0,,714.0,21.0
2021-02-19,401219.0,9435.0,,583.0,43.0
2021-02-20,401632.0,9464.0,28.0,413.0,29.0
2021-02-21,401995.0,9481.0,14.0,363.0,17.0
2021-02-22,402249.0,9496.0,40.0,254.0,15.0
2021-02-23,402538.0,9535.0,64.0,289.0,39.0
2021-02-24,403074.0,9547.0,50.0,536.0,12.0
2021-02-25,403528.0,9561.0,65.0,454.0,14.0
2021-02-26,403985.0,9620.0,52.0,457.0,59.0
2021-02-27,404335.0,9653.0,36.0,350.0,33.0
2021-02-28,404639.0,9678.0,15.0,304.0,25.0
2021-03-01,404785.0,9697.0,20.0,146.0,19.0
2021-03-02,405035.0,9740.0,30.0,250.0,43.0
2021-03-03,405463.0,9770.0,56.0,428.0,30.0
2021-03-04,405860.0,9797.0,51.0,397.0,27.0
2021-03-05,406198.0,9813.0,31.0,338.0,16.0
2021-03-06,406516.0,9842.0,21.0,318.0,29.0
2021-03-07,406729.0,9854.0,9.0,213.0,12.0
2021-03-08,406950.0,9862.0,29.0,221.0,8.0
2021-03-09,407289.0,9890.0,39.0,339.0,28.0
2021-03-10,407847.0,9942.0,28.0,558.0,52.0
2021-03-11,408255.0,9967.0,25.0,408.0,25.0
2021-03-12,408564.0,9992.0,30.0,309.0,25.0
2021-03-13,408921.0,9999.0,,357.0,7.0
2021-03-14,409173.0,10011.0,4.0,252.0,12.0
2021-03-15,409404.0,10019.0,10.0,231.0,8.0
2021-03-16,409647.0,10048.0,30.0,243.0,29.0
2021-03-17,410060.0,10086.0,36.0,413.0,38.0
2021-03-18,410392.0,10098.0,27.0,332.0,12.0
2021-03-19,410787.0,10119.0,21.0,395.0,21.0
2021-03-20,411133.0,10128.0,18.0,346.0,9.0
2021-03-21,411428.0,10133.0,7.0,295.0,5.0
2021-03-22,411601.0,10138.0,11.0,173.0,5.0
2021-03-23,411777.0,10142.0,17.0,176.0,4.0
2021-03-24,412106.0,10166.0,25.0,329.0,24.0
2021-03-25,412539.0,10190.0,21.0,433.0,24.0
2021-03-26,412929.0,10213.0,35.0,390.0,23.0
2021-03-27,413265.0,10229.0,16.0,336.0,16.0
2021-03-28,413491.0,10235.0,10.0,226.0,6.0
2021-03-29,413641.0,10250.0,20.0,150.0,15.0
2021-03-30,413871.0,10295.0,29.0,230.0,45.0
2021-03-31,414261.0,10318.0,41.0,390.0,23.0
2021-04-01,414623.0,10331.0,29.0,362.0,13.0
2021-04-02,415038.0,10347.0,12.0,415.0,16.0
2021-04-03,415266.0,10348.0,2.0,228.0,1.0
2021-04-04,415420.0,10350.0,0.0,154.0,2.0
2021-04-05,415540.0,10354.0,2.0,120.0,4.0
2021-04-06,415682.0,10363.0,23.0,142.0,9.0
2021-04-07,415902.0,10388.0,12.0,220.0,25.0
2021-04-08,416353.0,10396.0,27.0,451.0,8.0
2021-04-09,416704.0,10407.0,36.0,351.0,11.0
2021-04-10,417070.0,10418.0,24.0,366.0,11.0
2021-04-11,417351.0,10424.0,15.0,281.0,6.0
2021-04-12,417526.0,10425.0,26.0,175.0,1.0
2021-04-13,417799.0,10453.0,28.0,273.0,28.0
2021-04-14,418185.0,10479.0,38.0,386.0,26.0
2021-04-15,418540.0,10495.0,35.0,355.0,16.0
2021-04-16,418962.0,10507.0,28.0,422.0,12.0
2021-04-17,419305.0,10520.0,7.0,343.0,13.0
2021-04-18,419591.0,10524.0,10.0,286.0,4.0
2021-04-19,419823.0,10525.0,22.0,232.0,1.0
2021-04-20,420068.0,10536.0,30.0,245.0,11.0
2021-04-21,420482.0,10544.0,48.0,414.0,8.0
2021-04-22,420908.0,10564.0,32.0,426.0,20.0
2021-04-23,421261.0,10567.0,38.0,353.0,3.0
2021-04-24,421598.0,10597.0,15.0,337.0,30.0
2021-04-25,421880.0,10604.0,12.0,282.0,7.0
2021-04-26,422147.0,10607.0,16.0,267.0,3.0
2021-04-27,422366.0,10627.0,9.0,219.0,20.0
2021-04-28,422720.0,10631.0,30.0,354.0,4.0
2021-04-29,422999.0,10645.0,36.0,279.0,14.0
2021-04-30,423545.0,10652.0,33.0,546.0,7.0
2021-05-01,424010.0,10663.0,32.0,465.0,11.0
2021-05-02,424326.0,10664.0,10.0,316.0,1.0
2021-05-03,424639.0,10671.0,26.0,313.0,7.0
2021-05-04,425080.0,10692.0,28.0,441.0,21.0
2021-05-05,425692.0,10711.0,40.0,612.0,19.0
2021-05-06,426380.0,10728.0,44.0,688.0,17.0
2021-05-07,427133.0,10741.0,41.0,753.0,13.0
2021-05-08,427782.0,10762.0,37.0,649.0,21.0
2021-05-09,428319.0,10770.0,22.0,537.0,8.0
2021-05-10,428717.0,10775.0,23.0,398.0,5.0
2021-05-11,429293.0,10791.0,63.0,576.0,16.0
2021-05-12,430310.0,10818.0,43.0,1017.0,27.0
2021-05-13,431598.0,10831.0,63.0,1288.0,13.0
2021-05-14,432810.0,10845.0,39.0,1212.0,14.0
2021-05-15,433819.0,10865.0,27.0,1009.0,20.0
2021-05-16,434597.0,10875.0,,778.0,10.0
2021-05-17,435321.0,10881.0,48.0,724.0,6.0
2021-05-18,436487.0,10913.0,43.0,1166.0,32.0
2021-05-19,437872.0,10948.0,79.0,1385.0,35.0
2021-05-20,439391.0,10965.0,60.0,1519.0,17.0
2021-05-21,440849.0,10985.0,50.0,1458.0,20.0
2021-05-22,442739.0,11012.0,46.0,1890.0,27.0
2021-05-23,443846.0,11032.0,47.0,1107.0,20.0
2021-05-24,444851.0,11039.0,68.0,1005.0,7.0
2021-05-25,446296.0,11075.0,99.0,1445.0,36.0
2021-05-26,448366.0,11099.0,121.0,2070.0,24.0
2021-05-27,450377.0,11141.0,108.0,2011.0,42.0
2021-05-28,452590.0,11164.0,112.0,2213.0,23.0
2021-05-29,454815.0,11190.0,67.0,2225.0,26.0
2021-05-30,456764.0,11207.0,66.0,1949.0,17.0
2021-05-31,458072.0,11224.0,95.0,1308.0,17.0
2021-06-01,459911.0,11268.0,141.0,1839.0,44.0
2021-06-02,462903.0,11322.0,143.0,2992.0,54.0
2021-06-03,465668.0,11339.0,129.0,2765.0,17.0
2021-06-04,468654.0,11363.0,165.0,2986.0,24.0
2021-06-05,471613.0,11404.0,40.0,2959.0,41.0
2021-06-06,474484.0,11411.0,77.0,2871.0,7.0
2021-06-07,476514.0,11436.0,129.0,2030.0,25.0
2021-06-08,479005.0,11481.0,107.0,2491.0,45.0
2021-06-09,484116.0,11519.0,184.0,5111.0,38.0
2021-06-10,489711.0,11573.0,176.0,5595.0,54.0
2021-06-11,494537.0,11610.0,222.0,4826.0,37.0
2021-06-12,500426.0,11648.0,141.0,5889.0,38.0
2021-06-13,505322.0,11673.0,132.0,4896.0,25.0
2021-06-14,509053.0,11720.0,175.0,3731.0,47.0
2021-06-15,514486.0,11793.0,252.0,5433.0,73.0
2021-06-16,522366.0,11861.0,233.0,7880.0,68.0
2021-06-17,529873.0,11919.0,215.0,7507.0,58.0
2021-06-18,536848.0,11981.0,291.0,6975.0,62.0
2021-06-19,545262.0,12079.0,175.0,8414.0,98.0
2021-06-20,553908.0,12114.0,159.0,8646.0,35.0
2021-06-21,560202.0,12170.0,194.0,6294.0,56.0
2021-06-22,567681.0,12320.0,361.0,7479.0,150.0
2021-06-23,578488.0,12382.0,336.0,10807.0,62.0
2021-06-24,588009.0,12434.0,350.0,9521.0,52.0
2021-06-25,599791.0,12482.0,364.0,11782.0,48.0
2021-06-26,611095.0,12554.0,302.0,11304.0,72.0
2021-06-27,620956.0,12601.0,245.0,9861.0,47.0
2021-06-28,629399.0,12647.0,288.0,8443.0,46.0
2021-06-29,638326.0,12769.0,398.0,8927.0,122.0
2021-06-30,649494.0,12887.0,390.0,11168.0,118.0
2021-07-01,662300.0,13094.0,397.0,12806.0,207.0
2021-07-02,676524.0,13210.0,372.0,14224.0,116.0
2021-07-03,692626.0,13316.0,335.0,16102.0,106.0
2021-07-04,702083.0,13466.0,238.0,9457.0,150.0
2021-07-05,709628.0,13603.0,332.0,7545.0,137.0
2021-07-06,718846.0,13770.0,404.0,9218.0,167.0
2021-07-07,729417.0,13948.0,416.0,10571.0,178.0
2021-07-08,741174.0,14133.0,343.0,11757.0,185.0
2021-07-09,752883.0,14247.0,417.0,11709.0,114.0
2021-07-10,763653.0,14377.0,316.0,10770.0,130.0
2021-07-11,772200.0,14465.0,258.0,8547.0,88.0
2021-07-12,777832.0,14580.0,269.0,5632.0,115.0
2021-07-13,784149.0,14688.0,284.0,6317.0,108.0
2021-07-14,792145.0,14867.0,381.0,7996.0,179.0
2021-07-15,799454.0,14991.0,326.0,7309.0,124.0
2021-07-16,805484.0,15199.0,316.0,6030.0,208.0
2021-07-17,811842.0,15311.0,264.0,6358.0,112.0
2021-07-18,816242.0,15391.0,200.0,4400.0,80.0
2021-07-19,818864.0,15482.0,241.0,2622.0,91.0
2021-07-20,822174.0,15605.0,365.0,3310.0,123.0
2021-07-21,827395.0,15762.0,344.0,5221.0,157.0
2021-07-22,832360.0,15903.0,285.0,4965.0,141.0
2021-07-23,836883.0,16012.0,271.0,4523.0,109.0
2021-07-24,840530.0,16107.0,167.0,3647.0,95.0
2021-07-25,843187.0,16262.0,135.0,2657.0,155.0
2021-07-26,844719.0,16436.0,155.0,1532.0,174.0
2021-07-27,846998.0,16518.0,228.0,2279.0,82.0
2021-07-28,852159.0,16679.0,218.0,5161.0,161.0
2021-07-29,855719.0,16761.0,173.0,3560.0,82.0
2021-07-30,858776.0,16813.0,179.0,3057.0,52.0
2021-07-31,861493.0,16922.0,140.0,2717.0,109.0
2021-08-01,863500.0,16983.0,90.0,2007.0,61.0
2021-08-02,864519.0,17079.0,91.0,1019.0,96.0
2021-08-03,866757.0,17222.0,183.0,2238.0,143.0
2021-08-04,869630.0,17346.0,104.0,2873.0,124.0
2021-08-05,872306.0,17428.0,144.0,2676.0,82.0
2021-08-06,874794.0,17539.0,183.0,2488.0,111.0
2021-08-07,876748.0,17604.0,71.0,1954.0,65.0
2021-08-08,878410.0,17676.0,25.0,1662.0,72.0
2021-08-09,879420.0,17748.0,58.0,1010.0,72.0
2021-08-10,880644.0,17783.0,100.0,1224.0,35.0
2021-08-11,881888.0,17848.0,109.0,1244.0,65.0
2021-08-12,884129.0,17915.0,118.0,2241.0,67.0
2021-08-13,886137.0,17968.0,123.0,2008.0,53.0
2021-08-14,887861.0,18011.0,69.0,1724.0,43.0
2021-08-15,889083.0,18089.0,39.0,1222.0,78.0
2021-08-16,889748.0,18165.0,61.0,665.0,76.0
2021-08-17,890978.0,18200.0,108.0,1230.0,35.0
2021-08-18,892749.0,18269.0,88.0,1771.0,69.0
2021-08-19,894333.0,18307.0,94.0,1584.0,38.0
2021-08-20,895773.0,18342.0,78.0,1440.0,35.0
2021-08-21,897159.0,18382.0,61.0,1386.0,40.0
2021-08-22,898155.0,18413.0,43.0,996.0,31.0
2021-08-23,898649.0,18426.0,47.0,494.0,13.0
2021-08-24,899599.0,18459.0,92.0,950.0,33.0
2021-08-25,900921.0,18492.0,72.0,1322.0,33.0
2021-08-26,902057.0,18551.0,69.0,1136.0,59.0
2021-08-27,903155.0,18578.0,71.0,1098.0,27.0
2021-08-28,903951.0,18605.0,52.0,796.0,27.0
2021-08-29,904596.0,18618.0,34.0,645.0,13.0
2021-08-30,904918.0,18690.0,35.0,322.0,72.0
2021-08-31,905414.0,18721.0,66.0,496.0,31.0
2021-09-01,906208.0,18763.0,56.0,794.0,42.0
2021-09-02,906988.0,18784.0,43.0,780.0,21.0
2021-09-03,907644.0,18811.0,54.0,656.0,27.0
2021-09-04,908184.0,18866.0,36.0,540.0,55.0
2021-09-05,908711.0,18867.0,16.0,527.0,1.0
2021-09-06,908931.0,18869.0,21.0,220.0,2.0
2021-09-07,909388.0,18912.0,34.0,457.0,43.0
2021-09-08,909987.0,18931.0,37.0,599.0,19.0
2021-09-09,910555.0,18963.0,39.0,568.0,32.0
2021-09-10,911104.0,19031.0,44.0,549.0,68.0
2021-09-11,911537.0,19051.0,25.0,433.0,20.0
2021-09-12,911854.0,19063.0,8.0,317.0,12.0
2021-09-13,911995.0,19068.0,24.0,141.0,5.0
2021-09-14,912315.0,19078.0,37.0,320.0,10.0
2021-09-15,912728.0,19102.0,43.0,413.0,24.0
2021-09-16,913137.0,19150.0,36.0,409.0,48.0
2021-09-17,913494.0,19174.0,34.0,357.0,24.0
2021-09-18,913848.0,19194.0,14.0,354.0,20.0
2021-09-19,914083.0,19207.0,13.0,235.0,13.0
2021-09-20,914199.0,19215.0,21.0,116.0,8.0
2021-09-21,914460.0,19233.0,27.0,261.0,18.0
2021-09-22,914784.0,19255.0,15.0,324.0,22.0
2021-09-23,915089.0,19262.0,23.0,305.0,7.0
2021-09-24,915326.0,19302.0,10.0,237.0,40.0
2021-09-25,915527.0,19302.0,12.0,201.0,0.0
2021-09-26,915609.0,19306.0,5.0,82.0,4.0
2021-09-27,915716.0,19340.0,16.0,107.0,34.0
2021-09-28,915904.0,19365.0,23.0,188.0,25.0
2021-09-29,916136.0,19380.0,26.0,232.0,15.0
2021-09-30,916377.0,19390.0,16.0,241.0,10.0
2021-10-01,916568.0,19399.0,21.0,191.0,9.0
2021-10-02,916751.0,19405.0,2.0,183.0,6.0
2021-10-03,916848.0,19406.0,10.0,97.0,1.0
2021-10-04,916927.0,19407.0,8.0,79.0,1.0
2021-10-05,917049.0,19411.0,21.0,122.0,4.0
2021-10-06,917201.0,19426.0,23.0,152.0,15.0
2021-10-07,917360.0,19431.0,21.0,159.0,5.0
2021-10-08,917498.0,19433.0,14.0,138.0,2.0
2021-10-09,917650.0,19439.0,7.0,152.0,6.0
2021-10-10,917759.0,19446.0,7.0,109.0,7.0
2021-10-11,917801.0,19450.0,10.0,42.0,4.0
2021-10-12,917900.0,19453.0,10.0,99.0,3.0
2021-10-13,918078.0,19457.0,18.0,178.0,4.0
2021-10-14,918207.0,19459.0,17.0,129.0,2.0
2021-10-15,918318.0,19464.0,13.0,111.0,5.0
2021-10-16,918411.0,19468.0,13.0,93.0,4.0
2021-10-17,918498.0,19471.0,2.0,87.0,3.0
2021-10-18,918537.0,19472.0,9.0,39.0,1.0
2021-10-19,918631.0,19477.0,13.0,94.0,5.0
2021-10-20,918705.0,19496.0,9.0,74.0,19.0
2021-10-21,918779.0,19561.0,15.0,74.0,65.0
2021-10-22,918847.0,19566.0,10.0,68.0,5.0
2021-10-23,918895.0,19570.0,6.0,48.0,4.0
2021-10-24,918952.0,19575.0,6.0,57.0,5.0
2021-10-25,918996.0,19576.0,5.0,44.0,1.0
2021-10-26,919070.0,19583.0,12.0,74.0,7.0
2021-10-27,919173.0,19583.0,7.0,103.0,0.0
2021-10-28,919324.0,19587.0,10.0,151.0,4.0
2021-10-29,919485.0,19593.0,6.0,161.0,6.0
2021-10-30,919541.0,19598.0,3.0,56.0,5.0
2021-10-31,919577.0,19601.0,2.0,36.0,3.0
2021-11-01,919599.0,19603.0,2.0,22.0,2.0
2021-11-02,919634.0,19603.0,4.0,35.0,0.0
2021-11-03,919774.0,19606.0,12.0,140.0,3.0
2021-11-04,919836.0,19610.0,1.0,62.0,4.0
2021-11-05,919921.0,19613.0,,85.0,3.0
2021-11-06,920028.0,19616.0,10.0,107.0,3.0
2021-11-07,920068.0,19619.0,3.0,40.0,3.0
2021-11-08,920106.0,19621.0,4.0,38.0,2.0
2021-11-09,920196.0,19622.0,8.0,90.0,1.0
2021-11-10,920286.0,19625.0,8.0,90.0,3.0
2021-11-11,920406.0,19629.0,11.0,120.0,4.0
2021-11-12,920582.0,19631.0,11.0,176.0,2.0
2021-11-13,920704.0,19634.0,2.0,122.0,3.0
2021-11-14,920830.0,19637.0,3.0,126.0,3.0
2021-11-15,920888.0,19637.0,7.0,58.0,0.0
2021-11-16,921036.0,19639.0,11.0,148.0,2.0
2021-11-17,921368.0,19641.0,15.0,332.0,2.0
2021-11-18,921740.0,19646.0,16.0,372.0,5.0
2021-11-19,922250.0,19647.0,13.0,510.0,1.0
2021-11-20,922834.0,19650.0,5.0,584.0,3.0
2021-11-21,923379.0,19651.0,9.0,545.0,1.0
2021-11-22,923618.0,19660.0,21.0,239.0,9.0
2021-11-23,931717.0,19660.0,39.0,8099.0,0.0
2021-11-24,932738.0,19662.0,39.0,1021.0,2.0
2021-11-25,934689.0,19665.0,69.0,1951.0,3.0
2021-11-26,936873.0,19671.0,41.0,2184.0,6.0
2021-11-27,939502.0,19675.0,22.0,2629.0,4.0
2021-11-28,941811.0,19676.0,7.0,2309.0,1.0
2021-11-29,943720.0,19680.0,64.0,1909.0,4.0
2021-11-30,946851.0,19687.0,81.0,3131.0,7.0
2021-12-01,953020.0,19698.0,79.0,6169.0,11.0
2021-12-02,961301.0,19701.0,176.0,8281.0,3.0
2021-12-03,972872.0,19707.0,135.0,11571.0,6.0
2021-12-04,984481.0,19718.0,56.0,11609.0,11.0
2021-12-05,992423.0,19719.0,9.0,7942.0,1.0
2021-12-06,996915.0,19724.0,93.0,4492.0,5.0
2021-12-07,1005360.0,19737.0,185.0,8445.0,13.0
2021-12-08,1017063.0,19750.0,165.0,11703.0,13.0
2021-12-09,1028854.0,19757.0,207.0,11791.0,7.0
2021-12-10,1038112.0,19765.0,172.0,9258.0,8.0
2021-12-11,1046633.0,19783.0,64.0,8521.0,18.0
2021-12-12,1062854.0,19796.0,37.0,16221.0,13.0
2021-12-13,1069538.0,19798.0,128.0,6684.0,2.0
2021-12-14,1077778.0,19810.0,161.0,8240.0,12.0
2021-12-15,1092552.0,19831.0,199.0,14774.0,21.0
2021-12-16,1098402.0,19842.0,90.0,5850.0,11.0
2021-12-17,1098440.0,19866.0,128.0,38.0,24.0
2021-12-18,1101871.0,19887.0,51.0,3431.0,21.0
2021-12-19,1105453.0,19888.0,11.0,3582.0,1.0
2021-12-20,1107360.0,19906.0,76.0,1907.0,18.0
2021-12-21,1110679.0,19920.0,166.0,3319.0,14.0
2021-12-22,1114501.0,19975.0,171.0,3822.0,55.0
2021-12-23,1118707.0,20002.0,98.0,4206.0,27.0
2021-12-24,1122103.0,20015.0,71.0,3396.0,13.0
2021-12-25,1124872.0,20015.0,35.0,2769.0,0.0
2021-12-26,1125828.0,20023.0,11.0,956.0,8.0
2021-12-27,1126669.0,20023.0,22.0,841.0,0.0
2021-12-28,1128287.0,20031.0,52.0,1618.0,8.0
2021-12-29,1130150.0,20053.0,114.0,1863.0,22.0
2021-12-30,1132399.0,20083.0,121.0,2249.0,30.0
2021-12-31,1134520.0,20108.0,97.0,2121.0,25.0
2022-01-01,1136171.0,20128.0,10.0,1651.0,20.0
2022-01-02,1136960.0,20146.0,4.0,789.0,18.0
2022-01-03,1137897.0,20150.0,19.0,937.0,4.0
2022-01-04,1139449.0,20189.0,86.0,1552.0,39.0
2022-01-05,1141617.0,20206.0,73.0,2168.0,17.0
2022-01-06,1143743.0,20233.0,81.0,2126.0,27.0
2022-01-07,1145558.0,20243.0,76.0,1815.0,10.0
2022-01-08,1147095.0,20262.0,35.0,1537.0,19.0
2022-01-09,1148061.0,20263.0,18.0,966.0,1.0
2022-01-10,1148895.0,20270.0,37.0,834.0,7.0
2022-01-11,1150192.0,20286.0,54.0,1297.0,16.0
2022-01-12,1151646.0,20308.0,69.0,1454.0,22.0
2022-01-13,1152854.0,20326.0,75.0,1208.0,18.0
2022-01-14,1153929.0,20334.0,48.0,1075.0,8.0
2022-01-15,1154906.0,20349.0,22.0,977.0,15.0
2022-01-16,1155517.0,20350.0,7.0,611.0,1.0
2022-01-17,1155946.0,20353.0,29.0,429.0,3.0
2022-01-18,1156730.0,20361.0,42.0,784.0,8.0
2022-01-19,1157747.0,20372.0,39.0,1017.0,11.0
2022-01-20,1158676.0,20380.0,38.0,929.0,8.0
2022-01-21,1159546.0,20389.0,,870.0,9.0
2022-01-22,1160320.0,20402.0,,774.0,13.0
2022-01-23,,,,,
2022-01-24,,,,,
2022-01-25,,,,,
2022-01-26,,,,,
2022-01-27,,,,,
2022-01-28,,,,,
2022-01-29,,,,,
2022-01-30,,,,,
2022-01-31,,,,,
2022-02-01,,,,,
2022-02-02,,,,,
2022-02-03,,,,,
2022-02-04,,,,,
2022-02-05,,,,,
2022-02-06,,,,,
2022-02-07,,,,,
2022-02-08,,,,,
2022-02-09,,,,,
2022-02-10,,,,,
2022-02-11,,,,,
2022-02-12,,,,,
2022-02-13,,,,,
2022-02-14,,,,,
2022-02-15,,,,,
2022-02-16,,,,,
2022-02-17,,,,,
2022-02-18,,,,,
2022-02-19,,,,,
2022-02-20,,,,,
2022-02-21,,,,,
2022-02-22,,,,,
2022-02-23,,,,,
2022-02-24,,,,,
2022-02-25,,,,,
2022-02-26,,,,,
2022-02-27,,,,,
2022-02-28,,,,,
2022-03-01,,,,,
2022-03-02,,,,,
2022-03-03,,,,,
2022-03-04,,,,,
2022-03-05,,,,,
2022-03-06,,,,,
2022-03-07,,,,,
2022-03-08,,,,,
2022-03-09,,,,,
2022-03-10,,,,,
2022-03-11,,,,,
2022-03-12,,,,,
2022-03-13,,,,,
2022-03-14,,,,,
2022-03-15,,,,,
2022-03-16,,,,,
2022-03-17,,,,,
2022-03-18,,,,,
2022-03-19,,,,,
2022-03-20,,,,,
2022-03-21,,,,,
2022-03-22,,,,,
2022-03-23,,,,,
2022-03-24,,,,,
2022-03-25,,,,,
2022-03-26,,,,,
2022-03-27,,,,,
2022-03-28,,,,,
2022-03-29,,,,,
2022-03-30,,,,,
2022-03-31,,,,,
2022-04-01,,,,,
2022-04-02,,,,,
2022-04-03,,,,,
2022-04-04,,,,,
2022-04-05,,,,,
2022-04-06,,,,,
2022-04-07,,,,,
2022-04-08,,,,,
2022-04-09,,,,,
2022-04-10,,,,,
2022-04-11,,,,,
2022-04-12,,,,,
2022-04-13,,,,,
2022-04-14,,,,,
2022-04-15,,,,,
2022-04-16,,,,,
2022-04-17,,,,,
2022-04-18,,,,,
2022-04-19,,,,,
2022-04-20,,,,,
2022-04-21,,,,,
2022-04-22,,,,,
2022-04-23,,,,,
2022-04-24,,,,,
2022-04-25,,,,,
2022-04-26,,,,,
2022-04-27,,,,,
2022-04-28,,,,,
2022-04-29,,,,,
2022-04-30,,,,,
2022-05-01,,,,,
2022-05-02,,,,,
2022-05-03,,,,,
2022-05-04,,,,,
2022-05-05,,,,,
2022-05-06,,,,,
2022-05-07,,,,,
2022-05-08,,,,,
2022-05-09,,,,,
2022-05-10,,,,,
2022-05-11,,,,,
2022-05-12,,,,,
2022-05-13,,,,,
2022-05-14,,,,,
2022-05-15,,,,,
2022-05-16,,,,,
2022-05-17,,,,,
2022-05-18,,,,,
2022-05-19,,,,,
2022-05-20,,,,,
2022-05-21,,,,,
2022-05-22,,,,,
2022-05-23,,,,,
2022-05-24,,,,,
2022-05-25,,,,,
2022-05-26,,,,,
2022-05-27,,,,,
2022-05-28,,,,,
2022-05-29,,,,,
2022-05-30,,,,,
2022-05-31,,,,,
2022-06-01,,,,,
2022-06-02,,,,,
2022-06-03,,,,,
2022-06-04,,,,,
2022-06-05,,,,,
2022-06-06,,,,,
2022-06-07,,,,,
2022-06-08,,,,,
2022-06-09,,,,,
2022-06-10,,,,,
2022-06-11,,,,,
2022-06-12,,,,,
2022-06-13,,,,,
2022-06-14,,,,,
2022-06-15,,,,,
2022-06-16,,,,,
2022-06-17,,,,,
2022-06-18,,,,,
2022-06-19,,,,,
2022-06-20,,,,,
2022-06-21,,,,,
2022-06-22,,,,,
2022-06-23,,,,,
2022-06-24,,,,,
2022-06-25,,,,,
2022-06-26,,,,,
2022-06-27,,,,,
2022-06-28,,,,,
2022-06-29,,,,,
2022-06-30,,,,,
2022-07-01,,,,,
2022-07-02,,,,,
2022-07-03,,,,,
2022-07-04,,,,,
2022-07-05,,,,,
2022-07-06,,,,,
2022-07-07,,,,,
2022-07-08,,,,,
2022-07-09,,,,,
2022-07-10,,,,,
2022-07-11,,,,,
2022-07-12,,,,,
2022-07-13,,,,,
2022-07-14,,,,,
2022-07-15,,,,,
2022-07-16,,,,,
2022-07-17,,,,,
2022-07-18,,,,,
2022-07-19,,,,,
2022-07-20,,,,,
2022-07-21,,,,,
2022-07-22,,,,,
2022-07-23,,,,,
2022-07-24,,,,,
2022-07-25,,,,,
2022-07-26,,,,,
2022-07-27,,,,,
2022-07-28,,,,,
2022-07-29,,,,,
2022-07-30,,,,,
2022-07-31,,,,,
2022-08-01,,,,,
2022-08-02,,,,,
2022-08-03,,,,,
2022-08-04,,,,,
2022-08-05,,,,,
2022-08-06,,,,,
2022-08-07,,,,,
2022-08-08,,,,,
2022-08-09,,,,,
2022-08-10,,,,,
2022-08-11,,,,,
2022-08-12,,,,,
2022-08-13,,,,,
2022-08-14,,,,,
2022-08-15,,,,,
2022-08-16,,,,,
2022-08-17,,,,,
2022-08-18,,,,,
2022-08-19,,,,,
2022-08-20,,,,,
2022-08-21,,,,,
2022-08-22,,,,,
2022-08-23,,,,,
2022-08-24,,,,,
2022-08-25,,,,,
2022-08-26,,,,,
2022-08-27,,,,,
2022-08-28,,,,,
2022-08-29,,,,,
2022-08-30,,,,,
2022-08-31,,,,,
2022-09-01,,,,,
2022-09-02,,,,,
2022-09-03,,,,,
2022-09-04,,,,,
2022-09-05,,,,,
2022-09-06,,,,,
2022-09-07,,,,,
2022-09-08,,,,,
2022-09-09,,,,,
2022-09-10,,,,,
2022-09-11,,,,,
2022-09-12,,,,,
2022-09-13,,,,,
2022-09-14,,,,,
2022-09-15,,,,,
2022-09-16,,,,,
2022-09-17,,,,,
2022-09-18,,,,,
2022-09-19,,,,,
2022-09-20,,,,,
2022-09-21,,,,,
2022-09-22,,,,,
2022-09-23,,,,,
2022-09-24,,,,,
2022-09-25,,,,,
2022-09-26,,,,,
2022-09-27,,,,,
2022-09-28,,,,,
2022-09-29,,,,,
2022-09-30,,,,,
2022-10-01,,,,,
2022-10-02,,,,,
2022-10-03,,,,,
2022-10-04,,,,,
2022-10-05,,,,,
2022-10-06,,,,,
2022-10-07,,,,,
2022-10-08,,,,,
2022-10-09,,,,,
2022-10-10,,,,,
2022-10-11,,,,,
2022-10-12,,,,,
2022-10-13,,,,,
2022-10-14,,,,,
2022-10-15,,,,,
2022-10-16,,,,,
2022-10-17,,,,,
2022-10-18,,,,,
2022-10-19,,,,,
2022-10-20,,,,,
2022-10-21,,,,,
2022-10-22,,,,,
2022-10-23,,,,,
2022-10-24,,,,,
2022-10-25,,,,,
2022-10-26,,,,,
2022-10-27,,,,,
2022-10-28,,,,,
2022-10-29,,,,,
2022-10-30,,,,,
2022-10-31,,,,,
2022-11-01,,,,,
2022-11-02,,,,,
2022-11-03,,,,,
2022-11-04,,,,,
2022-11-05,,,,,
2022-11-06,,,,,
2022-11-07,,,,,
2022-11-08,,,,,
2022-11-09,,,,,
2022-11-10,,,,,
2022-11-11,,,,,
2022-11-12,,,,,
2022-11-13,,,,,
2022-11-14,,,,,
2022-11-15,,,,,
2022-11-16,,,,,
2022-11-17,,,,,
2022-11-18,,,,,
2022-11-19,,,,,
2022-11-20,,,,,
2022-11-21,,,,,
2022-11-22,,,,,
2022-11-23,,,,,
2022-11-24,,,,,
2022-11-25,,,,,
2022-11-26,,,,,
2022-11-27,,,,,
2022-11-28,,,,,
2022-11-29,,,,,
2022-11-30,,,,,
2022-12-01,,,,,
2022-12-02,,,,,
2022-12-03,,,,,
2022-12-04,,,,,
2022-12-05,,,,,
2022-12-06,,,,,
2022-12-07,,,,,
2022-12-08,,,,,
2022-12-09,,,,,
2022-12-10,,,,,
2022-12-11,,,,,
2022-12-12,,,,,
2022-12-13,,,,,
2022-12-14,,,,,
2022-12-15,,,,,
2022-12-16,,,,,
2022-12-17,,,,,
2022-12-18,,,,,
2022-12-19,,,,,
2022-12-20,,,,,
2022-12-21,,,,,
2022-12-22,,,,,
2022-12-23,,,,,
2022-12-24,,,,,
2022-12-25,,,,,
2022-12-26,,,,,
2022-12-27,,,,,
2022-12-28,,,,,
2022-12-29,,,,,
2022-12-30,,,,,
2022-12-31,,,,,
